onset	duration	trial_type	electrodes_involved_onset	electrodes_involved_offset	sample_start	electrical_stimulation_type	electrical_stimulation_site	electrical_stimulation_site_num	electrical_stimulation_current	notes	status	status_description
82.52587890625	0.0002	electrical_stimulation	n/a	n/a	169013	biphasic	LA1-LA2	1-2	6.0 mA	n/a	good	n/a
88.85498046875	0.0002	electrical_stimulation	n/a	n/a	181975	biphasic	LA1-LA2	1-2	6.0 mA	n/a	good	n/a
93.90185546875	0.0002	electrical_stimulation	n/a	n/a	192311	biphasic	LA1-LA2	1-2	6.0 mA	n/a	good	n/a
100.16796875	0.0002	electrical_stimulation	n/a	n/a	205144	biphasic	LA1-LA2	1-2	6.0 mA	n/a	good	n/a
106.19970703125	0.0002	electrical_stimulation	n/a	n/a	217497	biphasic	LA1-LA2	1-2	6.0 mA	n/a	good	n/a
113.50830078125	0.0002	electrical_stimulation	n/a	n/a	232465	biphasic	LA1-LA2	1-2	6.0 mA	n/a	good	n/a
118.35205078125	0.0002	electrical_stimulation	n/a	n/a	242385	biphasic	LA1-LA2	1-2	6.0 mA	n/a	good	n/a
123.91943359375	0.0002	electrical_stimulation	n/a	n/a	253787	biphasic	LA1-LA2	1-2	6.0 mA	n/a	good	n/a
129.73779296875	0.0002	electrical_stimulation	n/a	n/a	265703	biphasic	LA1-LA2	1-2	6.0 mA	n/a	good	n/a
137.41162109375	0.0002	electrical_stimulation	n/a	n/a	281419	biphasic	LA1-LA2	1-2	6.0 mA	n/a	good	n/a
143.21435546875	0.0002	electrical_stimulation	n/a	n/a	293303	biphasic	LA1-LA2	1-2	6.0 mA	n/a	good	artifact after 2 secs
162.0830078125	0.0002	electrical_stimulation	n/a	n/a	331946	biphasic	LA2-LA3	2-3	6.0 mA	n/a	good	n/a
167.79248046875	0.0002	electrical_stimulation	n/a	n/a	343639	biphasic	LA2-LA3	2-3	6.0 mA	n/a	good	artifact after 2 secs
173.83935546875	0.0002	electrical_stimulation	n/a	n/a	356023	biphasic	LA2-LA3	2-3	6.0 mA	n/a	good	n/a
179.5634765625	0.0002	electrical_stimulation	n/a	n/a	367746	biphasic	LA2-LA3	2-3	6.0 mA	n/a	good	n/a
196.56396484375	0.0002	electrical_stimulation	n/a	n/a	402563	biphasic	LA2-LA3	2-3	6.0 mA	n/a	good	n/a
202.3505859375	0.0002	electrical_stimulation	n/a	n/a	414414	biphasic	LA2-LA3	2-3	6.0 mA	n/a	good	n/a
209.044921875	0.0002	electrical_stimulation	n/a	n/a	428124	biphasic	LA2-LA3	2-3	6.0 mA	n/a	good	n/a
214.96728515625	0.0002	electrical_stimulation	n/a	n/a	440253	biphasic	LA2-LA3	2-3	6.0 mA	n/a	good	n/a
220.95751953125	0.0002	electrical_stimulation	n/a	n/a	452521	biphasic	LA2-LA3	2-3	6.0 mA	n/a	good	n/a
351.31787109375	0.0002	electrical_stimulation	n/a	n/a	719499	biphasic	LB1-LB2	16-17	6.0 mA	n/a	good	n/a
356.65087890625	0.0002	electrical_stimulation	n/a	n/a	730421	biphasic	LB1-LB2	16-17	6.0 mA	n/a	good	n/a
361.81298828125	0.0002	electrical_stimulation	n/a	n/a	740993	biphasic	LB1-LB2	16-17	6.0 mA	n/a	good	n/a
365.94140625	0.0002	electrical_stimulation	n/a	n/a	749448	biphasic	LB1-LB2	16-17	6.0 mA	n/a	good	n/a
373.99658203125	0.0002	electrical_stimulation	n/a	n/a	765945	biphasic	LB1-LB2	16-17	6.0 mA	n/a	good	n/a
381.44580078125	0.0002	electrical_stimulation	n/a	n/a	781201	biphasic	LB1-LB2	16-17	6.0 mA	n/a	good	n/a
393.03564453125	0.0002	electrical_stimulation	n/a	n/a	804937	biphasic	LB1-LB2	16-17	6.0 mA	n/a	good	n/a
401.251953125	0.0002	electrical_stimulation	n/a	n/a	821764	biphasic	LB1-LB2	16-17	6.0 mA	n/a	good	n/a
407.4140625	0.0002	electrical_stimulation	n/a	n/a	834384	biphasic	LB1-LB2	16-17	6.0 mA	n/a	good	n/a
413.654296875	0.0002	electrical_stimulation	n/a	n/a	847164	biphasic	LB1-LB2	16-17	6.0 mA	n/a	good	n/a
417.37646484375	0.0002	electrical_stimulation	n/a	n/a	854787	biphasic	LB1-LB2	16-17	6.0 mA	n/a	good	n/a
423.083984375	0.0002	electrical_stimulation	n/a	n/a	866476	biphasic	LB1-LB2	16-17	6.0 mA	n/a	good	n/a
427.68359375	0.0002	electrical_stimulation	n/a	n/a	875896	biphasic	LB1-LB2	16-17	6.0 mA	n/a	good	n/a
431.08154296875	0.0002	electrical_stimulation	n/a	n/a	882855	biphasic	LB1-LB2	16-17	6.0 mA	n/a	good	n/a
451.49365234375	0.0002	electrical_stimulation	n/a	n/a	924659	biphasic	LB2-LB3	17-18	6.0 mA	n/a	good	n/a
457.23486328125	0.0002	electrical_stimulation	n/a	n/a	936417	biphasic	LB2-LB3	17-18	6.0 mA	n/a	good	n/a
462.7958984375	0.0002	electrical_stimulation	n/a	n/a	947806	biphasic	LB2-LB3	17-18	6.0 mA	n/a	good	n/a
469.15625	0.0002	electrical_stimulation	n/a	n/a	960832	biphasic	LB2-LB3	17-18	6.0 mA	n/a	good	n/a
475.18212890625	0.0002	electrical_stimulation	n/a	n/a	973173	biphasic	LB2-LB3	17-18	6.0 mA	n/a	good	n/a
481.05859375	0.0002	electrical_stimulation	n/a	n/a	985208	biphasic	LB2-LB3	17-18	6.0 mA	n/a	good	n/a
487.49169921875	0.0002	electrical_stimulation	n/a	n/a	998383	biphasic	LB2-LB3	17-18	6.0 mA	n/a	good	n/a
492.89794921875	0.0002	electrical_stimulation	n/a	n/a	1009455	biphasic	LB2-LB3	17-18	6.0 mA	n/a	good	n/a
498.392578125	0.0002	electrical_stimulation	n/a	n/a	1020708	biphasic	LB2-LB3	17-18	6.0 mA	n/a	good	n/a
505.43115234375	0.0002	electrical_stimulation	n/a	n/a	1035123	biphasic	LB2-LB3	17-18	6.0 mA	n/a	good	n/a
523.99755859375	0.0002	electrical_stimulation	n/a	n/a	1073147	biphasic	LB3-LB4	18-19	6.0 mA	n/a	good	n/a
529.7529296875	0.0002	electrical_stimulation	n/a	n/a	1084934	biphasic	LB3-LB4	18-19	6.0 mA	n/a	good	n/a
538.15087890625	0.0002	electrical_stimulation	n/a	n/a	1102133	biphasic	LB3-LB4	18-19	6.0 mA	n/a	good	n/a
543.80810546875	0.0002	electrical_stimulation	n/a	n/a	1113719	biphasic	LB3-LB4	18-19	6.0 mA	n/a	good	n/a
549.6533203125	0.0002	electrical_stimulation	n/a	n/a	1125690	biphasic	LB3-LB4	18-19	6.0 mA	n/a	good	n/a
557.263671875	0.0002	electrical_stimulation	n/a	n/a	1141276	biphasic	LB3-LB4	18-19	6.0 mA	n/a	good	n/a
565.17724609375	0.0002	electrical_stimulation	n/a	n/a	1157483	biphasic	LB3-LB4	18-19	6.0 mA	n/a	good	n/a
571.146484375	0.0002	electrical_stimulation	n/a	n/a	1169708	biphasic	LB3-LB4	18-19	6.0 mA	n/a	good	n/a
576.16162109375	0.0002	electrical_stimulation	n/a	n/a	1179979	biphasic	LB3-LB4	18-19	6.0 mA	n/a	good	n/a
583.29345703125	0.0002	electrical_stimulation	n/a	n/a	1194585	biphasic	LB3-LB4	18-19	6.0 mA	n/a	good	n/a
603.89794921875	0.0002	electrical_stimulation	n/a	n/a	1236783	biphasic	LB4-LB5	19-20	6.0 mA	n/a	good	n/a
609.2109375	0.0002	electrical_stimulation	n/a	n/a	1247664	biphasic	LB4-LB5	19-20	6.0 mA	n/a	good	n/a
613.79833984375	0.0002	electrical_stimulation	n/a	n/a	1257059	biphasic	LB4-LB5	19-20	6.0 mA	n/a	good	n/a
619.43994140625	0.0002	electrical_stimulation	n/a	n/a	1268613	biphasic	LB4-LB5	19-20	6.0 mA	n/a	good	n/a
623.91796875	0.0002	electrical_stimulation	n/a	n/a	1277784	biphasic	LB4-LB5	19-20	6.0 mA	n/a	good	n/a
628.7236328125	0.0002	electrical_stimulation	n/a	n/a	1287626	biphasic	LB4-LB5	19-20	6.0 mA	n/a	good	n/a
633.8173828125	0.0002	electrical_stimulation	n/a	n/a	1298058	biphasic	LB4-LB5	19-20	6.0 mA	n/a	good	n/a
638.40576171875	0.0002	electrical_stimulation	n/a	n/a	1307455	biphasic	LB4-LB5	19-20	6.0 mA	n/a	good	n/a
643.138671875	0.0002	electrical_stimulation	n/a	n/a	1317148	biphasic	LB4-LB5	19-20	6.0 mA	n/a	good	n/a
648.89501953125	0.0002	electrical_stimulation	n/a	n/a	1328937	biphasic	LB4-LB5	19-20	6.0 mA	n/a	good	n/a
672.09033203125	0.0002	electrical_stimulation	n/a	n/a	1376441	biphasic	LC1-LC2	31-32	6.0 mA	n/a	good	n/a
677.2158203125	0.0002	electrical_stimulation	n/a	n/a	1386938	biphasic	LC1-LC2	31-32	6.0 mA	n/a	good	n/a
682.47509765625	0.0002	electrical_stimulation	n/a	n/a	1397709	biphasic	LC1-LC2	31-32	6.0 mA	n/a	good	n/a
687.74560546875	0.0002	electrical_stimulation	n/a	n/a	1408503	biphasic	LC1-LC2	31-32	6.0 mA	n/a	good	n/a
692.908203125	0.0002	electrical_stimulation	n/a	n/a	1419076	biphasic	LC1-LC2	31-32	6.0 mA	n/a	good	n/a
697.86572265625	0.0002	electrical_stimulation	n/a	n/a	1429229	biphasic	LC1-LC2	31-32	6.0 mA	n/a	good	n/a
702.37451171875	0.0002	electrical_stimulation	n/a	n/a	1438463	biphasic	LC1-LC2	31-32	6.0 mA	n/a	good	n/a
707.32275390625	0.0002	electrical_stimulation	n/a	n/a	1448597	biphasic	LC1-LC2	31-32	6.0 mA	n/a	good	n/a
712.0146484375	0.0002	electrical_stimulation	n/a	n/a	1458206	biphasic	LC1-LC2	31-32	6.0 mA	n/a	good	n/a
717.8056640625	0.0002	electrical_stimulation	n/a	n/a	1470066	biphasic	LC1-LC2	31-32	6.0 mA	n/a	good	n/a
738.93310546875	0.0002	electrical_stimulation	n/a	n/a	1513335	biphasic	LC2-LC3	32-33	6.0 mA	n/a	good	n/a
743.79638671875	0.0002	electrical_stimulation	n/a	n/a	1523295	biphasic	LC2-LC3	32-33	6.0 mA	n/a	good	n/a
748.68115234375	0.0002	electrical_stimulation	n/a	n/a	1533299	biphasic	LC2-LC3	32-33	6.0 mA	n/a	good	epileptic activity
753.77978515625	0.0002	electrical_stimulation	n/a	n/a	1543741	biphasic	LC2-LC3	32-33	6.0 mA	n/a	good	n/a
759.51953125	0.0002	electrical_stimulation	n/a	n/a	1555496	biphasic	LC2-LC3	32-33	6.0 mA	n/a	good	n/a
764.67724609375	0.0002	electrical_stimulation	n/a	n/a	1566059	biphasic	LC2-LC3	32-33	6.0 mA	n/a	good	n/a
769.6806640625	0.0002	electrical_stimulation	n/a	n/a	1576306	biphasic	LC2-LC3	32-33	6.0 mA	n/a	good	n/a
774.9150390625	0.0002	electrical_stimulation	n/a	n/a	1587026	biphasic	LC2-LC3	32-33	6.0 mA	n/a	good	n/a
783.42822265625	0.0002	electrical_stimulation	n/a	n/a	1604461	biphasic	LC2-LC3	32-33	6.0 mA	n/a	good	n/a
789.5380859375	0.0002	electrical_stimulation	n/a	n/a	1616974	biphasic	LC2-LC3	32-33	6.0 mA	n/a	good	n/a
794.658203125	0.0002	electrical_stimulation	n/a	n/a	1627460	biphasic	LC2-LC3	32-33	6.0 mA	n/a	good	n/a
813.20458984375	0.0002	electrical_stimulation	n/a	n/a	1665443	biphasic	LC3-LC4	33-34	6.0 mA	n/a	good	n/a
818.2607421875	0.0002	electrical_stimulation	n/a	n/a	1675798	biphasic	LC3-LC4	33-34	6.0 mA	n/a	good	n/a
823.12939453125	0.0002	electrical_stimulation	n/a	n/a	1685769	biphasic	LC3-LC4	33-34	6.0 mA	n/a	good	n/a
827.86962890625	0.0002	electrical_stimulation	n/a	n/a	1695477	biphasic	LC3-LC4	33-34	6.0 mA	n/a	good	n/a
834.34326171875	0.0002	electrical_stimulation	n/a	n/a	1708735	biphasic	LC3-LC4	33-34	6.0 mA	n/a	good	n/a
839.36376953125	0.0002	electrical_stimulation	n/a	n/a	1719017	biphasic	LC3-LC4	33-34	6.0 mA	n/a	good	n/a
844.47412109375	0.0002	electrical_stimulation	n/a	n/a	1729483	biphasic	LC3-LC4	33-34	6.0 mA	n/a	good	n/a
849.5302734375	0.0002	electrical_stimulation	n/a	n/a	1739838	biphasic	LC3-LC4	33-34	6.0 mA	n/a	good	n/a
855.3125	0.0002	electrical_stimulation	n/a	n/a	1751680	biphasic	LC3-LC4	33-34	6.0 mA	n/a	good	n/a
860.0458984375	0.0002	electrical_stimulation	n/a	n/a	1761374	biphasic	LC3-LC4	33-34	6.0 mA	n/a	good	n/a
879.2890625	0.0002	electrical_stimulation	n/a	n/a	1800784	biphasic	LC4-LC5	34-35	6.0 mA	n/a	good	n/a
884.251953125	0.0002	electrical_stimulation	n/a	n/a	1810948	biphasic	LC4-LC5	34-35	6.0 mA	n/a	good	artifact fixed when referencing to LY3
889.01171875	0.0002	electrical_stimulation	n/a	n/a	1820696	biphasic	LC4-LC5	34-35	6.0 mA	n/a	good	n/a
893.40234375	0.0002	electrical_stimulation	n/a	n/a	1829688	biphasic	LC4-LC5	34-35	6.0 mA	n/a	good	n/a
899.35595703125	0.0002	electrical_stimulation	n/a	n/a	1841881	biphasic	LC4-LC5	34-35	6.0 mA	n/a	good	artifact fixed when referencing to LY3
904.3076171875	0.0002	electrical_stimulation	n/a	n/a	1852022	biphasic	LC4-LC5	34-35	6.0 mA	n/a	good	n/a
908.0869140625	0.0002	electrical_stimulation	n/a	n/a	1859762	biphasic	LC4-LC5	34-35	6.0 mA	n/a	good	n/a
912.888671875	0.0002	electrical_stimulation	n/a	n/a	1869596	biphasic	LC4-LC5	34-35	6.0 mA	n/a	good	n/a
917.5498046875	0.0002	electrical_stimulation	n/a	n/a	1879142	biphasic	LC4-LC5	34-35	6.0 mA	n/a	good	n/a
922.0849609375	0.0002	electrical_stimulation	n/a	n/a	1888430	biphasic	LC4-LC5	34-35	6.0 mA	n/a	good	n/a
945.50537109375	0.0002	electrical_stimulation	n/a	n/a	1936395	biphasic	LC5-LC6	35-36	6.0 mA	n/a	good	n/a
950.83837890625	0.0002	electrical_stimulation	n/a	n/a	1947317	biphasic	LC5-LC6	35-36	6.0 mA	n/a	good	n/a
956.93310546875	0.0002	electrical_stimulation	n/a	n/a	1959799	biphasic	LC5-LC6	35-36	6.0 mA	n/a	good	n/a
962.412109375	0.0002	electrical_stimulation	n/a	n/a	1971020	biphasic	LC5-LC6	35-36	6.0 mA	n/a	good	n/a
966.86962890625	0.0002	electrical_stimulation	n/a	n/a	1980149	biphasic	LC5-LC6	35-36	6.0 mA	n/a	good	n/a
971.853515625	0.0002	electrical_stimulation	n/a	n/a	1990356	biphasic	LC5-LC6	35-36	6.0 mA	n/a	good	n/a
977.34326171875	0.0002	electrical_stimulation	n/a	n/a	2001599	biphasic	LC5-LC6	35-36	6.0 mA	n/a	good	n/a
981.8046875	0.0002	electrical_stimulation	n/a	n/a	2010736	biphasic	LC5-LC6	35-36	6.0 mA	n/a	good	n/a
986.83154296875	0.0002	electrical_stimulation	n/a	n/a	2021031	biphasic	LC5-LC6	35-36	6.0 mA	n/a	good	n/a
992.435546875	0.0002	electrical_stimulation	n/a	n/a	2032508	biphasic	LC5-LC6	35-36	6.0 mA	n/a	good	n/a
1015.265625	0.0002	electrical_stimulation	n/a	n/a	2079264	biphasic	LX1-LX2	61-62	6.0 mA	n/a	good	n/a
1020.6982421875	0.0002	electrical_stimulation	n/a	n/a	2090390	biphasic	LX1-LX2	61-62	6.0 mA	n/a	good	n/a
1025.2900390625	0.0002	electrical_stimulation	n/a	n/a	2099794	biphasic	LX1-LX2	61-62	6.0 mA	n/a	good	n/a
1030.3642578125	0.0002	electrical_stimulation	n/a	n/a	2110186	biphasic	LX1-LX2	61-62	6.0 mA	n/a	good	n/a
1034.92431640625	0.0002	electrical_stimulation	n/a	n/a	2119525	biphasic	LX1-LX2	61-62	6.0 mA	n/a	good	n/a
1038.611328125	0.0002	electrical_stimulation	n/a	n/a	2127076	biphasic	LX1-LX2	61-62	6.0 mA	n/a	good	n/a
1042.7548828125	0.0002	electrical_stimulation	n/a	n/a	2135562	biphasic	LX1-LX2	61-62	6.0 mA	n/a	good	n/a
1046.9052734375	0.0002	electrical_stimulation	n/a	n/a	2144062	biphasic	LX1-LX2	61-62	6.0 mA	n/a	good	n/a
1051.60693359375	0.0002	electrical_stimulation	n/a	n/a	2153691	biphasic	LX1-LX2	61-62	6.0 mA	n/a	good	n/a
1056.6171875	0.0002	electrical_stimulation	n/a	n/a	2163952	biphasic	LX1-LX2	61-62	6.0 mA	n/a	good	n/a
1073.87451171875	0.0002	electrical_stimulation	n/a	n/a	2199295	biphasic	LX2-LX3	62-63	6.0 mA	n/a	good	n/a
1079.28173828125	0.0002	electrical_stimulation	n/a	n/a	2210369	biphasic	LX2-LX3	62-63	6.0 mA	n/a	good	n/a
1084.25537109375	0.0002	electrical_stimulation	n/a	n/a	2220555	biphasic	LX2-LX3	62-63	6.0 mA	n/a	good	n/a
1088.72216796875	0.0002	electrical_stimulation	n/a	n/a	2229703	biphasic	LX2-LX3	62-63	6.0 mA	n/a	good	n/a
1093.77978515625	0.0002	electrical_stimulation	n/a	n/a	2240061	biphasic	LX2-LX3	62-63	6.0 mA	n/a	good	n/a
1098.2109375	0.0002	electrical_stimulation	n/a	n/a	2249136	biphasic	LX2-LX3	62-63	6.0 mA	n/a	good	n/a
1101.75	0.0002	electrical_stimulation	n/a	n/a	2256384	biphasic	LX2-LX3	62-63	6.0 mA	n/a	good	n/a
1105.775390625	0.0002	electrical_stimulation	n/a	n/a	2264628	biphasic	LX2-LX3	62-63	6.0 mA	n/a	good	n/a
1110.92041015625	0.0002	electrical_stimulation	n/a	n/a	2275165	biphasic	LX2-LX3	62-63	6.0 mA	n/a	good	small artifact ~0.7
1115.62353515625	0.0002	electrical_stimulation	n/a	n/a	2284797	biphasic	LX2-LX3	62-63	6.0 mA	n/a	good	n/a
1141.8740234375	0.0002	electrical_stimulation	n/a	n/a	2338558	biphasic	LX11-LX12	71-72	6.0 mA	n/a	good	artifact fixed when referencing to LY3
1147.34814453125	0.0002	electrical_stimulation	n/a	n/a	2349769	biphasic	LX11-LX12	71-72	6.0 mA	n/a	good	n/a
1152.71240234375	0.0002	electrical_stimulation	n/a	n/a	2360755	biphasic	LX11-LX12	71-72	6.0 mA	n/a	good	n/a
1157.48193359375	0.0002	electrical_stimulation	n/a	n/a	2370523	biphasic	LX11-LX12	71-72	6.0 mA	n/a	good	n/a
1162.42431640625	0.0002	electrical_stimulation	n/a	n/a	2380645	biphasic	LX11-LX12	71-72	6.0 mA	n/a	good	n/a
1167.73193359375	0.0002	electrical_stimulation	n/a	n/a	2391515	biphasic	LX11-LX12	71-72	6.0 mA	n/a	good	n/a
1171.88623046875	0.0002	electrical_stimulation	n/a	n/a	2400023	biphasic	LX11-LX12	71-72	6.0 mA	n/a	good	n/a
1176.5478515625	0.0002	electrical_stimulation	n/a	n/a	2409570	biphasic	LX11-LX12	71-72	6.0 mA	n/a	good	n/a
1181.8134765625	0.0002	electrical_stimulation	n/a	n/a	2420354	biphasic	LX11-LX12	71-72	6.0 mA	n/a	good	small artifact ~ 0.4
1187.2353515625	0.0002	electrical_stimulation	n/a	n/a	2431458	biphasic	LX11-LX12	71-72	6.0 mA	n/a	good	n/a
1205.310546875	0.0002	electrical_stimulation	n/a	n/a	2468476	biphasic	LX12-LX13	72-73	6.0 mA	n/a	good	n/a
1210.529296875	0.0002	electrical_stimulation	n/a	n/a	2479164	biphasic	LX12-LX13	72-73	6.0 mA	n/a	good	n/a
1215.623046875	0.0002	electrical_stimulation	n/a	n/a	2489596	biphasic	LX12-LX13	72-73	6.0 mA	n/a	good	n/a
1219.970703125	0.0002	electrical_stimulation	n/a	n/a	2498500	biphasic	LX12-LX13	72-73	6.0 mA	n/a	good	n/a
1224.76171875	0.0002	electrical_stimulation	n/a	n/a	2508312	biphasic	LX12-LX13	72-73	6.0 mA	n/a	good	n/a
1228.96875	0.0002	electrical_stimulation	n/a	n/a	2516928	biphasic	LX12-LX13	72-73	6.0 mA	n/a	good	n/a
1233.478515625	0.0002	electrical_stimulation	n/a	n/a	2526164	biphasic	LX12-LX13	72-73	6.0 mA	n/a	good	n/a
1237.60205078125	0.0002	electrical_stimulation	n/a	n/a	2534609	biphasic	LX12-LX13	72-73	6.0 mA	n/a	good	n/a
1242.6484375	0.0002	electrical_stimulation	n/a	n/a	2544944	biphasic	LX12-LX13	72-73	6.0 mA	n/a	good	n/a
1247.345703125	0.0002	electrical_stimulation	n/a	n/a	2554564	biphasic	LX12-LX13	72-73	6.0 mA	n/a	good	n/a
1267.41796875	0.0002	electrical_stimulation	n/a	n/a	2595672	biphasic	LX13-LX14	73-74	6.0 mA	n/a	good	n/a
1273.423828125	0.0002	electrical_stimulation	n/a	n/a	2607972	biphasic	LX13-LX14	73-74	6.0 mA	n/a	good	n/a
1277.4697265625	0.0002	electrical_stimulation	n/a	n/a	2616258	biphasic	LX13-LX14	73-74	6.0 mA	n/a	good	n/a
1282.2451171875	0.0002	electrical_stimulation	n/a	n/a	2626038	biphasic	LX13-LX14	73-74	6.0 mA	n/a	good	artifact fixed when referencing to LV10
1287.87109375	0.0002	electrical_stimulation	n/a	n/a	2637560	biphasic	LX13-LX14	73-74	6.0 mA	n/a	good	n/a
1292.91650390625	0.0002	electrical_stimulation	n/a	n/a	2647893	biphasic	LX13-LX14	73-74	6.0 mA	n/a	good	n/a
1298.13525390625	0.0002	electrical_stimulation	n/a	n/a	2658581	biphasic	LX13-LX14	73-74	6.0 mA	n/a	good	n/a
1305.31884765625	0.0002	electrical_stimulation	n/a	n/a	2673293	biphasic	LX13-LX14	73-74	6.0 mA	n/a	good	n/a
1310.52197265625	0.0002	electrical_stimulation	n/a	n/a	2683949	biphasic	LX13-LX14	73-74	6.0 mA	n/a	good	n/a
1316.58935546875	0.0002	electrical_stimulation	n/a	n/a	2696375	biphasic	LX13-LX14	73-74	6.0 mA	n/a	good	artifact ~ -0.9
1322.72119140625	0.0002	electrical_stimulation	n/a	n/a	2708933	biphasic	LX13-LX14	73-74	6.0 mA	n/a	good	n/a
1365.830078125	0.0002	electrical_stimulation	n/a	n/a	2797220	biphasic	LY1-LY2	76-77	6.0 mA	n/a	good	n/a
1371.65380859375	0.0002	electrical_stimulation	n/a	n/a	2809147	biphasic	LY1-LY2	76-77	6.0 mA	n/a	good	n/a
1376.90869140625	0.0002	electrical_stimulation	n/a	n/a	2819909	biphasic	LY1-LY2	76-77	6.0 mA	n/a	good	n/a
1382.68994140625	0.0002	electrical_stimulation	n/a	n/a	2831749	biphasic	LY1-LY2	76-77	6.0 mA	n/a	good	artifacts fixed when referencing to LV10
1388.1640625	0.0002	electrical_stimulation	n/a	n/a	2842960	biphasic	LY1-LY2	76-77	6.0 mA	n/a	good	artifact ~2s
1394.029296875	0.0002	electrical_stimulation	n/a	n/a	2854972	biphasic	LY1-LY2	76-77	6.0 mA	n/a	good	n/a
1399.26904296875	0.0002	electrical_stimulation	n/a	n/a	2865703	biphasic	LY1-LY2	76-77	6.0 mA	n/a	good	noise fixed when referencing to LV10
1404.998046875	0.0002	electrical_stimulation	n/a	n/a	2877436	biphasic	LY1-LY2	76-77	6.0 mA	n/a	good	n/a
1409.5703125	0.0002	electrical_stimulation	n/a	n/a	2886800	biphasic	LY1-LY2	76-77	6.0 mA	n/a	good	n/a
1414.580078125	0.0002	electrical_stimulation	n/a	n/a	2897060	biphasic	LY1-LY2	76-77	6.0 mA	n/a	good	n/a
1442.78125	0.0002	electrical_stimulation	n/a	n/a	2954816	biphasic	LZ1-LZ2	91-92	6.0 mA	n/a	good	n/a
1447.74853515625	0.0002	electrical_stimulation	n/a	n/a	2964989	biphasic	LZ1-LZ2	91-92	6.0 mA	n/a	good	n/a
1452.9150390625	0.0002	electrical_stimulation	n/a	n/a	2975570	biphasic	LZ1-LZ2	91-92	6.0 mA	n/a	good	n/a
1458.66552734375	0.0002	electrical_stimulation	n/a	n/a	2987347	biphasic	LZ1-LZ2	91-92	6.0 mA	n/a	good	n/a
1463.98828125	0.0002	electrical_stimulation	n/a	n/a	2998248	biphasic	LZ1-LZ2	91-92	6.0 mA	n/a	good	n/a
1468.6279296875	0.0002	electrical_stimulation	n/a	n/a	3007750	biphasic	LZ1-LZ2	91-92	6.0 mA	n/a	good	n/a
1473.3623046875	0.0002	electrical_stimulation	n/a	n/a	3017446	biphasic	LZ1-LZ2	91-92	6.0 mA	n/a	good	n/a
1478.00244140625	0.0002	electrical_stimulation	n/a	n/a	3026949	biphasic	LZ1-LZ2	91-92	6.0 mA	n/a	good	n/a
1483.29833984375	0.0002	electrical_stimulation	n/a	n/a	3037795	biphasic	LZ1-LZ2	91-92	6.0 mA	n/a	good	n/a
1488.55859375	0.0002	electrical_stimulation	n/a	n/a	3048568	biphasic	LZ1-LZ2	91-92	6.0 mA	n/a	good	n/a
1536.0751953125	0.0002	electrical_stimulation	n/a	n/a	3145882	biphasic	LJ1-LJ2	106-107	6.0 mA	n/a	good	n/a
1541.18896484375	0.0002	electrical_stimulation	n/a	n/a	3156355	biphasic	LJ1-LJ2	106-107	6.0 mA	n/a	good	n/a
1546.0673828125	0.0002	electrical_stimulation	n/a	n/a	3166346	biphasic	LJ1-LJ2	106-107	6.0 mA	n/a	good	n/a
1551.6044921875	0.0002	electrical_stimulation	n/a	n/a	3177686	biphasic	LJ1-LJ2	106-107	6.0 mA	n/a	good	n/a
1556.54736328125	0.0002	electrical_stimulation	n/a	n/a	3187809	biphasic	LJ1-LJ2	106-107	6.0 mA	n/a	good	n/a
1562.3173828125	0.0002	electrical_stimulation	n/a	n/a	3199626	biphasic	LJ1-LJ2	106-107	6.0 mA	n/a	good	n/a
1567.89599609375	0.0002	electrical_stimulation	n/a	n/a	3211051	biphasic	LJ1-LJ2	106-107	6.0 mA	n/a	good	n/a
1573.12060546875	0.0002	electrical_stimulation	n/a	n/a	3221751	biphasic	LJ1-LJ2	106-107	6.0 mA	n/a	good	n/a
1579.16162109375	0.0002	electrical_stimulation	n/a	n/a	3234123	biphasic	LJ1-LJ2	106-107	6.0 mA	n/a	good	n/a
1585.236328125	0.0002	electrical_stimulation	n/a	n/a	3246564	biphasic	LJ1-LJ2	106-107	6.0 mA	n/a	good	n/a
1601.0751953125	0.0002	electrical_stimulation	n/a	n/a	3279002	biphasic	LJ2-LJ3	107-108	6.0 mA	n/a	good	n/a
1606.65966796875	0.0002	electrical_stimulation	n/a	n/a	3290439	biphasic	LJ2-LJ3	107-108	6.0 mA	n/a	good	n/a
1611.623046875	0.0002	electrical_stimulation	n/a	n/a	3300604	biphasic	LJ2-LJ3	107-108	6.0 mA	n/a	good	n/a
1615.611328125	0.0002	electrical_stimulation	n/a	n/a	3308772	biphasic	LJ2-LJ3	107-108	6.0 mA	n/a	good	n/a
1620.36572265625	0.0002	electrical_stimulation	n/a	n/a	3318509	biphasic	LJ2-LJ3	107-108	6.0 mA	n/a	good	n/a
1624.41650390625	0.0002	electrical_stimulation	n/a	n/a	3326805	biphasic	LJ2-LJ3	107-108	6.0 mA	n/a	good	n/a
1628.34765625	0.0002	electrical_stimulation	n/a	n/a	3334856	biphasic	LJ2-LJ3	107-108	6.0 mA	n/a	good	n/a
1634.16455078125	0.0002	electrical_stimulation	n/a	n/a	3346769	biphasic	LJ2-LJ3	107-108	6.0 mA	n/a	good	n/a
1638.89794921875	0.0002	electrical_stimulation	n/a	n/a	3356463	biphasic	LJ2-LJ3	107-108	6.0 mA	n/a	good	n/a
1643.50146484375	0.0002	electrical_stimulation	n/a	n/a	3365891	biphasic	LJ2-LJ3	107-108	6.0 mA	n/a	good	n/a
1665.22265625	0.0002	electrical_stimulation	n/a	n/a	3410376	biphasic	LJ3-LJ4	108-109	6.0 mA	n/a	good	n/a
1670.00927734375	0.0002	electrical_stimulation	n/a	n/a	3420179	biphasic	LJ3-LJ4	108-109	6.0 mA	n/a	good	n/a
1674.84716796875	0.0002	electrical_stimulation	n/a	n/a	3430087	biphasic	LJ3-LJ4	108-109	6.0 mA	n/a	good	n/a
1680.42529296875	0.0002	electrical_stimulation	n/a	n/a	3441511	biphasic	LJ3-LJ4	108-109	6.0 mA	n/a	good	n/a
1685.84716796875	0.0002	electrical_stimulation	n/a	n/a	3452615	biphasic	LJ3-LJ4	108-109	6.0 mA	n/a	good	n/a
1690.830078125	0.0002	electrical_stimulation	n/a	n/a	3462820	biphasic	LJ3-LJ4	108-109	6.0 mA	n/a	good	n/a
1696.201171875	0.0002	electrical_stimulation	n/a	n/a	3473820	biphasic	LJ3-LJ4	108-109	6.0 mA	n/a	good	n/a
1701.8876953125	0.0002	electrical_stimulation	n/a	n/a	3485466	biphasic	LJ3-LJ4	108-109	6.0 mA	n/a	good	n/a
1706.79443359375	0.0002	electrical_stimulation	n/a	n/a	3495515	biphasic	LJ3-LJ4	108-109	6.0 mA	n/a	good	n/a
1711.7041015625	0.0002	electrical_stimulation	n/a	n/a	3505570	biphasic	LJ3-LJ4	108-109	6.0 mA	n/a	good	n/a
1729.4423828125	0.0002	electrical_stimulation	n/a	n/a	3541898	biphasic	LJ4-LJ5	109-110	6.0 mA	n/a	good	n/a
1733.43017578125	0.0002	electrical_stimulation	n/a	n/a	3550065	biphasic	LJ4-LJ5	109-110	6.0 mA	n/a	good	n/a
1737.5751953125	0.0002	electrical_stimulation	n/a	n/a	3558554	biphasic	LJ4-LJ5	109-110	6.0 mA	n/a	good	n/a
1742.27197265625	0.0002	electrical_stimulation	n/a	n/a	3568173	biphasic	LJ4-LJ5	109-110	6.0 mA	n/a	good	n/a
1746.39599609375	0.0002	electrical_stimulation	n/a	n/a	3576619	biphasic	LJ4-LJ5	109-110	6.0 mA	n/a	good	n/a
1751.43701171875	0.0002	electrical_stimulation	n/a	n/a	3586943	biphasic	LJ4-LJ5	109-110	6.0 mA	n/a	good	n/a
1755.13330078125	0.0002	electrical_stimulation	n/a	n/a	3594513	biphasic	LJ4-LJ5	109-110	6.0 mA	n/a	good	n/a
1760.853515625	0.0002	electrical_stimulation	n/a	n/a	3606228	biphasic	LJ4-LJ5	109-110	6.0 mA	n/a	good	n/a
1766.0712890625	0.0002	electrical_stimulation	n/a	n/a	3616914	biphasic	LJ4-LJ5	109-110	6.0 mA	n/a	good	n/a
1771.384765625	0.0002	electrical_stimulation	n/a	n/a	3627796	biphasic	LJ4-LJ5	109-110	6.0 mA	n/a	good	n/a
1775.9306640625	0.0002	electrical_stimulation	n/a	n/a	3637106	biphasic	LJ4-LJ5	109-110	6.0 mA	n/a	good	n/a
1791.41015625	0.0002	electrical_stimulation	n/a	n/a	3668808	biphasic	LJ5-LJ6	110-111	6.0 mA	n/a	good	n/a
1797.20166015625	0.0002	electrical_stimulation	n/a	n/a	3680669	biphasic	LJ5-LJ6	110-111	6.0 mA	n/a	good	n/a
1801.40478515625	0.0002	electrical_stimulation	n/a	n/a	3689277	biphasic	LJ5-LJ6	110-111	6.0 mA	n/a	good	n/a
1807.326171875	0.0002	electrical_stimulation	n/a	n/a	3701404	biphasic	LJ5-LJ6	110-111	6.0 mA	n/a	good	n/a
1811.97119140625	0.0002	electrical_stimulation	n/a	n/a	3710917	biphasic	LJ5-LJ6	110-111	6.0 mA	n/a	good	n/a
1816.60595703125	0.0002	electrical_stimulation	n/a	n/a	3720409	biphasic	LJ5-LJ6	110-111	6.0 mA	n/a	good	n/a
1820.83447265625	0.0002	electrical_stimulation	n/a	n/a	3729069	biphasic	LJ5-LJ6	110-111	6.0 mA	n/a	good	n/a
1825.30712890625	0.0002	electrical_stimulation	n/a	n/a	3738229	biphasic	LJ5-LJ6	110-111	6.0 mA	n/a	good	n/a
1830.45263671875	0.0002	electrical_stimulation	n/a	n/a	3748767	biphasic	LJ5-LJ6	110-111	6.0 mA	n/a	good	n/a
1836.78857421875	0.0002	electrical_stimulation	n/a	n/a	3761743	biphasic	LJ5-LJ6	110-111	6.0 mA	n/a	good	n/a
1842.4326171875	0.0002	electrical_stimulation	n/a	n/a	3773302	biphasic	LJ5-LJ6	110-111	6.0 mA	n/a	good	artifacts fixed when referencing to LV10
1866.23876953125	0.0002	electrical_stimulation	n/a	n/a	3822057	biphasic	LJ7-LJ8	112-113	6.0 mA	n/a	good	n/a
1870.24267578125	0.0002	electrical_stimulation	n/a	n/a	3830257	biphasic	LJ7-LJ8	112-113	6.0 mA	n/a	good	n/a
1874.8994140625	0.0002	electrical_stimulation	n/a	n/a	3839794	biphasic	LJ7-LJ8	112-113	6.0 mA	n/a	good	n/a
1879.611328125	0.0002	electrical_stimulation	n/a	n/a	3849444	biphasic	LJ7-LJ8	112-113	6.0 mA	n/a	good	n/a
1884.61572265625	0.0002	electrical_stimulation	n/a	n/a	3859693	biphasic	LJ7-LJ8	112-113	6.0 mA	n/a	good	n/a
1889.6259765625	0.0002	electrical_stimulation	n/a	n/a	3869954	biphasic	LJ7-LJ8	112-113	6.0 mA	n/a	good	n/a
1894.56298828125	0.0002	electrical_stimulation	n/a	n/a	3880065	biphasic	LJ7-LJ8	112-113	6.0 mA	n/a	good	n/a
1898.5302734375	0.0002	electrical_stimulation	n/a	n/a	3888190	biphasic	LJ7-LJ8	112-113	6.0 mA	n/a	good	n/a
1903.1025390625	0.0002	electrical_stimulation	n/a	n/a	3897554	biphasic	LJ7-LJ8	112-113	6.0 mA	n/a	good	n/a
1908.55078125	0.0002	electrical_stimulation	n/a	n/a	3908712	biphasic	LJ7-LJ8	112-113	6.0 mA	n/a	good	n/a
1932.75244140625	0.0002	electrical_stimulation	n/a	n/a	3958277	biphasic	LJ8-LJ9	113-114	6.0 mA	n/a	good	n/a
1937.90869140625	0.0002	electrical_stimulation	n/a	n/a	3968837	biphasic	LJ8-LJ9	113-114	6.0 mA	n/a	good	n/a
1942.6162109375	0.0002	electrical_stimulation	n/a	n/a	3978478	biphasic	LJ8-LJ9	113-114	6.0 mA	n/a	good	n/a
1948.0849609375	0.0002	electrical_stimulation	n/a	n/a	3989678	biphasic	LJ8-LJ9	113-114	6.0 mA	n/a	good	n/a
1952.677734375	0.0002	electrical_stimulation	n/a	n/a	3999084	biphasic	LJ8-LJ9	113-114	6.0 mA	n/a	good	n/a
1957.17724609375	0.0002	electrical_stimulation	n/a	n/a	4008299	biphasic	LJ8-LJ9	113-114	6.0 mA	n/a	good	n/a
1961.87939453125	0.0002	electrical_stimulation	n/a	n/a	4017929	biphasic	LJ8-LJ9	113-114	6.0 mA	n/a	good	n/a
1966.587890625	0.0002	electrical_stimulation	n/a	n/a	4027572	biphasic	LJ8-LJ9	113-114	6.0 mA	n/a	good	n/a
1971.451171875	0.0002	electrical_stimulation	n/a	n/a	4037532	biphasic	LJ8-LJ9	113-114	6.0 mA	n/a	good	n/a
1976.12744140625	0.0002	electrical_stimulation	n/a	n/a	4047109	biphasic	LJ8-LJ9	113-114	6.0 mA	n/a	good	n/a
2034.09521484375	0.0002	electrical_stimulation	n/a	n/a	4165827	biphasic	LV1-LV2	139-140	6.0 mA	n/a	good	artifact fixed when referencing to LV10
2038.552734375	0.0002	electrical_stimulation	n/a	n/a	4174956	biphasic	LV1-LV2	139-140	6.0 mA	n/a	good	n/a
2043.83984375	0.0002	electrical_stimulation	n/a	n/a	4185784	biphasic	LV1-LV2	139-140	6.0 mA	n/a	good	artifact after 2s
2048.537109375	0.0002	electrical_stimulation	n/a	n/a	4195404	biphasic	LV1-LV2	139-140	6.0 mA	n/a	good	LZ15 bad channel
2052.0302734375	0.0002	electrical_stimulation	n/a	n/a	4202558	biphasic	LV1-LV2	139-140	6.0 mA	n/a	bad	small artifact ~1.6
2056.38330078125	0.0002	electrical_stimulation	n/a	n/a	4211473	biphasic	LV1-LV2	139-140	6.0 mA	n/a	good	interictal activity, LZ15 bad channels
2059.8505859375	0.0002	electrical_stimulation	n/a	n/a	4218574	biphasic	LV1-LV2	139-140	6.0 mA	n/a	good	n/a
2064.08740234375	0.0002	electrical_stimulation	n/a	n/a	4227251	biphasic	LV1-LV2	139-140	6.0 mA	n/a	good	n/a
2067.67578125	0.0002	electrical_stimulation	n/a	n/a	4234600	biphasic	LV1-LV2	139-140	6.0 mA	n/a	good	n/a
2071.71044921875	0.0002	electrical_stimulation	n/a	n/a	4242863	biphasic	LV1-LV2	139-140	6.0 mA	n/a	good	n/a
2088.291015625	0.0002	electrical_stimulation	n/a	n/a	4276820	biphasic	LV2-LV3	140-141	6.0 mA	n/a	good	n/a
2092.7744140625	0.0002	electrical_stimulation	n/a	n/a	4286002	biphasic	LV2-LV3	140-141	6.0 mA	n/a	good	n/a
2097.74169921875	0.0002	electrical_stimulation	n/a	n/a	4296175	biphasic	LV2-LV3	140-141	6.0 mA	n/a	good	n/a
2102.39794921875	0.0002	electrical_stimulation	n/a	n/a	4305711	biphasic	LV2-LV3	140-141	6.0 mA	n/a	good	LZ15 bad channel, and Artifact fixed when referencing to LV10
2108.21533203125	0.0002	electrical_stimulation	n/a	n/a	4317625	biphasic	LV2-LV3	140-141	6.0 mA	n/a	good	n/a
2112.39111328125	0.0002	electrical_stimulation	n/a	n/a	4326177	biphasic	LV2-LV3	140-141	6.0 mA	n/a	good	epileptic waveforms bef onset
2116.740234375	0.0002	electrical_stimulation	n/a	n/a	4335084	biphasic	LV2-LV3	140-141	6.0 mA	n/a	good	n/a
2124.2099609375	0.0002	electrical_stimulation	n/a	n/a	4350382	biphasic	LV2-LV3	140-141	6.0 mA	n/a	good	n/a
2129.111328125	0.0002	electrical_stimulation	n/a	n/a	4360420	biphasic	LV2-LV3	140-141	6.0 mA	n/a	good	n/a
2133.95458984375	0.0002	electrical_stimulation	n/a	n/a	4370339	biphasic	LV2-LV3	140-141	6.0 mA	n/a	good	n/a
2152.40576171875	0.0002	electrical_stimulation	n/a	n/a	4408127	biphasic	LV3-LV4	141-142	6.0 mA	n/a	good	n/a
2156.650390625	0.0002	electrical_stimulation	n/a	n/a	4416820	biphasic	LV3-LV4	141-142	6.0 mA	n/a	good	n/a
2160.71044921875	0.0002	electrical_stimulation	n/a	n/a	4425135	biphasic	LV3-LV4	141-142	6.0 mA	n/a	good	n/a
2164.689453125	0.0002	electrical_stimulation	n/a	n/a	4433284	biphasic	LV3-LV4	141-142	6.0 mA	n/a	good	n/a
2169.2509765625	0.0002	electrical_stimulation	n/a	n/a	4442626	biphasic	LV3-LV4	141-142	6.0 mA	n/a	good	n/a
2174.17724609375	0.0002	electrical_stimulation	n/a	n/a	4452715	biphasic	LV3-LV4	141-142	6.0 mA	n/a	good	n/a
2178.88037109375	0.0002	electrical_stimulation	n/a	n/a	4462347	biphasic	LV3-LV4	141-142	6.0 mA	n/a	good	n/a
2183.5830078125	0.0002	electrical_stimulation	n/a	n/a	4471978	biphasic	LV3-LV4	141-142	6.0 mA	n/a	good	n/a
2188.78515625	0.0002	electrical_stimulation	n/a	n/a	4482632	biphasic	LV3-LV4	141-142	6.0 mA	n/a	good	n/a
2194.4560546875	0.0002	electrical_stimulation	n/a	n/a	4494246	biphasic	LV3-LV4	141-142	6.0 mA	n/a	good	n/a
2213.19970703125	0.0002	electrical_stimulation	n/a	n/a	4532633	biphasic	LV4-LV5	142-143	6.0 mA	n/a	good	n/a
2218.85693359375	0.0002	electrical_stimulation	n/a	n/a	4544219	biphasic	LV4-LV5	142-143	6.0 mA	n/a	good	n/a
2223.29833984375	0.0002	electrical_stimulation	n/a	n/a	4553315	biphasic	LV4-LV5	142-143	6.0 mA	n/a	good	n/a
2228.03759765625	0.0002	electrical_stimulation	n/a	n/a	4563021	biphasic	LV4-LV5	142-143	6.0 mA	n/a	good	n/a
2232.587890625	0.0002	electrical_stimulation	n/a	n/a	4572340	biphasic	LV4-LV5	142-143	6.0 mA	n/a	good	n/a
2238.2548828125	0.0002	electrical_stimulation	n/a	n/a	4583946	biphasic	LV4-LV5	142-143	6.0 mA	n/a	good	n/a
2243.4853515625	0.0002	electrical_stimulation	n/a	n/a	4594658	biphasic	LV4-LV5	142-143	6.0 mA	n/a	good	n/a
2250.2919921875	0.0002	electrical_stimulation	n/a	n/a	4608598	biphasic	LV4-LV5	142-143	6.0 mA	n/a	good	n/a
2255.36083984375	0.0002	electrical_stimulation	n/a	n/a	4618979	biphasic	LV4-LV5	142-143	6.0 mA	n/a	good	n/a
2260.40087890625	0.0002	electrical_stimulation	n/a	n/a	4629301	biphasic	LV4-LV5	142-143	6.0 mA	n/a	good	n/a
2286.7763671875	0.0002	electrical_stimulation	n/a	n/a	4683318	biphasic	LV5-LV6	143-144	6.0 mA	n/a	good	n/a
2291.4482421875	0.0002	electrical_stimulation	n/a	n/a	4692886	biphasic	LV5-LV6	143-144	6.0 mA	n/a	good	n/a
2296.11865234375	0.0002	electrical_stimulation	n/a	n/a	4702451	biphasic	LV5-LV6	143-144	6.0 mA	n/a	good	n/a
2301.49951171875	0.0002	electrical_stimulation	n/a	n/a	4713471	biphasic	LV5-LV6	143-144	6.0 mA	n/a	good	n/a
2306.96728515625	0.0002	electrical_stimulation	n/a	n/a	4724669	biphasic	LV5-LV6	143-144	6.0 mA	n/a	good	n/a
2311.72265625	0.0002	electrical_stimulation	n/a	n/a	4734408	biphasic	LV5-LV6	143-144	6.0 mA	n/a	good	n/a
2316.37939453125	0.0002	electrical_stimulation	n/a	n/a	4743945	biphasic	LV5-LV6	143-144	6.0 mA	n/a	good	n/a
2321.00244140625	0.0002	electrical_stimulation	n/a	n/a	4753413	biphasic	LV5-LV6	143-144	6.0 mA	n/a	good	n/a
2325.46435546875	0.0002	electrical_stimulation	n/a	n/a	4762551	biphasic	LV5-LV6	143-144	6.0 mA	n/a	good	n/a
2330.13134765625	0.0002	electrical_stimulation	n/a	n/a	4772109	biphasic	LV5-LV6	143-144	6.0 mA	n/a	good	n/a
2365.34814453125	0.0002	electrical_stimulation	n/a	n/a	4844233	biphasic	LP1-LP2	124-125	6.0 mA	n/a	good	n/a
2370.416015625	0.0002	electrical_stimulation	n/a	n/a	4854612	biphasic	LP1-LP2	124-125	6.0 mA	n/a	good	n/a
2375.80078125	0.0002	electrical_stimulation	n/a	n/a	4865640	biphasic	LP1-LP2	124-125	6.0 mA	n/a	good	n/a
2381.978515625	0.0002	electrical_stimulation	n/a	n/a	4878292	biphasic	LP1-LP2	124-125	6.0 mA	n/a	good	n/a
2387.087890625	0.0002	electrical_stimulation	n/a	n/a	4888756	biphasic	LP1-LP2	124-125	6.0 mA	n/a	good	artifact fixed when referencing to LV10
2392.31201171875	0.0002	electrical_stimulation	n/a	n/a	4899455	biphasic	LP1-LP2	124-125	6.0 mA	n/a	good	artifact fixed when referencing to LV10
2397.81689453125	0.0002	electrical_stimulation	n/a	n/a	4910729	biphasic	LP1-LP2	124-125	6.0 mA	n/a	good	n/a
2403.68701171875	0.0002	electrical_stimulation	n/a	n/a	4922751	biphasic	LP1-LP2	124-125	6.0 mA	n/a	good	n/a
2408.64501953125	0.0002	electrical_stimulation	n/a	n/a	4932905	biphasic	LP1-LP2	124-125	6.0 mA	n/a	good	n/a
2413.68115234375	0.0002	electrical_stimulation	n/a	n/a	4943219	biphasic	LP1-LP2	124-125	6.0 mA	n/a	good	n/a
2436.42822265625	0.0002	electrical_stimulation	n/a	n/a	4989805	biphasic	LP2-LP3	125-126	6.0 mA	n/a	good	n/a
2441.06298828125	0.0002	electrical_stimulation	n/a	n/a	4999297	biphasic	LP2-LP3	125-126	6.0 mA	n/a	good	n/a
2447.037109375	0.0002	electrical_stimulation	n/a	n/a	5011532	biphasic	LP2-LP3	125-126	6.0 mA	n/a	good	n/a
2455.68603515625	0.0002	electrical_stimulation	n/a	n/a	5029245	biphasic	LP2-LP3	125-126	6.0 mA	n/a	good	n/a
2461.20751953125	0.0002	electrical_stimulation	n/a	n/a	5040553	biphasic	LP2-LP3	125-126	6.0 mA	n/a	good	n/a
2484.9501953125	0.0002	electrical_stimulation	n/a	n/a	5089178	biphasic	LA1-LA2	1-2	6.0 mA	n/a	good	epileptic activity after onset
2546.1943359375	0.0002	electrical_stimulation	n/a	n/a	5214606	biphasic	LP1-LP2	124-125	6.0 mA	n/a	good	n/a
2551.35009765625	0.0002	electrical_stimulation	n/a	n/a	5225165	biphasic	LP1-LP2	124-125	6.0 mA	n/a	good	n/a
2555.8701171875	0.0002	electrical_stimulation	n/a	n/a	5234422	biphasic	LP1-LP2	124-125	6.0 mA	n/a	good	n/a
2560.55126953125	0.0002	electrical_stimulation	n/a	n/a	5244009	biphasic	LP1-LP2	124-125	6.0 mA	n/a	bad	n/a
2564.9990234375	0.0002	electrical_stimulation	n/a	n/a	5253118	biphasic	LP1-LP2	124-125	6.0 mA	n/a	good	n/a
2588.5087890625	0.0002	electrical_stimulation	n/a	n/a	5301266	biphasic	LP2-LP3	125-126	6.0 mA	n/a	good	artifact ~1.6 fixed when re-referencing
2594.46728515625	0.0002	electrical_stimulation	n/a	n/a	5313469	biphasic	LP2-LP3	125-126	6.0 mA	n/a	good	artifact ~1.6 fixed when re-referencing
2598.107421875	0.0002	electrical_stimulation	n/a	n/a	5320924	biphasic	LP2-LP3	125-126	6.0 mA	n/a	good	n/a
2601.87548828125	0.0002	electrical_stimulation	n/a	n/a	5328641	biphasic	LP2-LP3	125-126	6.0 mA	n/a	good	n/a
2634.677734375	0.0002	electrical_stimulation	n/a	n/a	5395820	biphasic	LP2-LP3	125-126	6.0 mA	n/a	good	n/a
2639.56787109375	0.0002	electrical_stimulation	n/a	n/a	5405835	biphasic	LP2-LP3	125-126	6.0 mA	n/a	good	n/a
2644.3115234375	0.0002	electrical_stimulation	n/a	n/a	5415550	biphasic	LP2-LP3	125-126	6.0 mA	n/a	good	n/a
2649.8330078125	0.0002	electrical_stimulation	n/a	n/a	5426858	biphasic	LP2-LP3	125-126	6.0 mA	n/a	good	artifact fixed when referencing to LY3
2653.6591796875	0.0002	electrical_stimulation	n/a	n/a	5434694	biphasic	LP2-LP3	125-126	6.0 mA	n/a	good	LA1artifact fixed when referencing to LV3
2658.25244140625	0.0002	electrical_stimulation	n/a	n/a	5444101	biphasic	LP2-LP3	125-126	6.0 mA	n/a	good	noise fixed when referencing to LV3
2676.6572265625	0.0002	electrical_stimulation	n/a	n/a	5481794	biphasic	LP3-LP4	126-127	6.0 mA	n/a	good	n/a
2683.05419921875	0.0002	electrical_stimulation	n/a	n/a	5494895	biphasic	LP3-LP4	126-127	6.0 mA	n/a	good	n/a
2687.47607421875	0.0002	electrical_stimulation	n/a	n/a	5503951	biphasic	LP3-LP4	126-127	6.0 mA	n/a	good	n/a
2691.96875	0.0002	electrical_stimulation	n/a	n/a	5513152	biphasic	LP3-LP4	126-127	6.0 mA	n/a	good	n/a
2696.90673828125	0.0002	electrical_stimulation	n/a	n/a	5523265	biphasic	LP3-LP4	126-127	6.0 mA	n/a	good	n/a
2701.13916015625	0.0002	electrical_stimulation	n/a	n/a	5531933	biphasic	LP3-LP4	126-127	6.0 mA	n/a	good	artifact fixed when referencing to LV10
2705.2587890625	0.0002	electrical_stimulation	n/a	n/a	5540370	biphasic	LP3-LP4	126-127	6.0 mA	n/a	good	n/a
2710.31982421875	0.0002	electrical_stimulation	n/a	n/a	5550735	biphasic	LP3-LP4	126-127	6.0 mA	n/a	good	artifact fixed when referencing to LV10
2714.626953125	0.0002	electrical_stimulation	n/a	n/a	5559556	biphasic	LP3-LP4	126-127	6.0 mA	n/a	good	n/a
2719.57861328125	0.0002	electrical_stimulation	n/a	n/a	5569697	biphasic	LP3-LP4	126-127	6.0 mA	n/a	good	n/a
2740.23583984375	0.0002	electrical_stimulation	n/a	n/a	5612003	biphasic	LP4-LP5	127-128	6.0 mA	n/a	good	noise fixed when referencing to LY3
2745.26708984375	0.0002	electrical_stimulation	n/a	n/a	5622307	biphasic	LP4-LP5	127-128	6.0 mA	n/a	good	artifact fixed when referencing to LY3
2749.9482421875	0.0002	electrical_stimulation	n/a	n/a	5631894	biphasic	LP4-LP5	127-128	6.0 mA	n/a	good	n/a
2755.14697265625	0.0002	electrical_stimulation	n/a	n/a	5642541	biphasic	LP4-LP5	127-128	6.0 mA	n/a	good	artifact fixed when referencing to LV10
2758.93701171875	0.0002	electrical_stimulation	n/a	n/a	5650303	biphasic	LP4-LP5	127-128	6.0 mA	n/a	good	n/a
2764.2548828125	0.0002	electrical_stimulation	n/a	n/a	5661194	biphasic	LP4-LP5	127-128	6.0 mA	n/a	good	n/a
2769.05029296875	0.0002	electrical_stimulation	n/a	n/a	5671015	biphasic	LP4-LP5	127-128	6.0 mA	n/a	good	artifacts fixed when referencing to LY3
2774.09228515625	0.0002	electrical_stimulation	n/a	n/a	5681341	biphasic	LP4-LP5	127-128	6.0 mA	n/a	good	noise fixed when referencing to LY3
2779.5556640625	0.0002	electrical_stimulation	n/a	n/a	5692530	biphasic	LP4-LP5	127-128	6.0 mA	n/a	good	noise fixed when referencing to LY3
2784.53369140625	0.0002	electrical_stimulation	n/a	n/a	5702725	biphasic	LP4-LP5	127-128	6.0 mA	n/a	good	noise fixed when referencing to LY3
2789.35693359375	0.0002	electrical_stimulation	n/a	n/a	5712603	biphasic	LP4-LP5	127-128	6.0 mA	n/a	good	noise fixed when referencing to LY3
2826.70068359375	0.0002	electrical_stimulation	n/a	n/a	5789083	biphasic	LP11-LP12	134-135	6.0 mA	n/a	good	n/a
2830.6376953125	0.0002	electrical_stimulation	n/a	n/a	5797146	biphasic	LP11-LP12	134-135	6.0 mA	n/a	good	n/a
2835.1630859375	0.0002	electrical_stimulation	n/a	n/a	5806414	biphasic	LP11-LP12	134-135	6.0 mA	n/a	good	n/a
2839.97900390625	0.0002	electrical_stimulation	n/a	n/a	5816277	biphasic	LP11-LP12	134-135	6.0 mA	n/a	good	n/a
2844.14990234375	0.0002	electrical_stimulation	n/a	n/a	5824819	biphasic	LP11-LP12	134-135	6.0 mA	n/a	good	n/a
2848.40380859375	0.0002	electrical_stimulation	n/a	n/a	5833531	biphasic	LP11-LP12	134-135	6.0 mA	n/a	good	n/a
2853.59619140625	0.0002	electrical_stimulation	n/a	n/a	5844165	biphasic	LP11-LP12	134-135	6.0 mA	n/a	good	n/a
2857.9873046875	0.0002	electrical_stimulation	n/a	n/a	5853158	biphasic	LP11-LP12	134-135	6.0 mA	n/a	good	noise fixed when referencing to LY3
2863.83544921875	0.0002	electrical_stimulation	n/a	n/a	5865135	biphasic	LP11-LP12	134-135	6.0 mA	n/a	good	n/a
2884.994140625	0.0002	electrical_stimulation	n/a	n/a	5908468	biphasic	LB11-LB12	26-27	6.0 mA	n/a	good	n/a
2889.97216796875	0.0002	electrical_stimulation	n/a	n/a	5918663	biphasic	LB11-LB12	26-27	6.0 mA	n/a	good	n/a
2893.5859375	0.0002	electrical_stimulation	n/a	n/a	5926064	biphasic	LB11-LB12	26-27	6.0 mA	n/a	good	n/a
2898.8046875	0.0002	electrical_stimulation	n/a	n/a	5936752	biphasic	LB11-LB12	26-27	6.0 mA	n/a	good	n/a
2903.564453125	0.0002	electrical_stimulation	n/a	n/a	5946500	biphasic	LB11-LB12	26-27	6.0 mA	n/a	good	n/a
2907.88134765625	0.0002	electrical_stimulation	n/a	n/a	5955341	biphasic	LB11-LB12	26-27	6.0 mA	n/a	good	n/a
2912.80126953125	0.0002	electrical_stimulation	n/a	n/a	5965417	biphasic	LB11-LB12	26-27	6.0 mA	n/a	good	n/a
2916.46240234375	0.0002	electrical_stimulation	n/a	n/a	5972915	biphasic	LB11-LB12	26-27	6.0 mA	n/a	good	n/a
2920.64892578125	0.0002	electrical_stimulation	n/a	n/a	5981489	biphasic	LB11-LB12	26-27	6.0 mA	n/a	good	n/a
2924.8857421875	0.0002	electrical_stimulation	n/a	n/a	5990166	biphasic	LB11-LB12	26-27	6.0 mA	n/a	good	n/a
2943.5673828125	0.0002	electrical_stimulation	n/a	n/a	6028426	biphasic	LB12-LB13	27-28	6.0 mA	n/a	good	n/a
2948.3486328125	0.0002	electrical_stimulation	n/a	n/a	6038218	biphasic	LB12-LB13	27-28	6.0 mA	n/a	good	n/a
2953.76025390625	0.0002	electrical_stimulation	n/a	n/a	6049301	biphasic	LB12-LB13	27-28	6.0 mA	n/a	good	n/a
2958.7216796875	0.0002	electrical_stimulation	n/a	n/a	6059462	biphasic	LB12-LB13	27-28	6.0 mA	n/a	good	n/a
2965.03515625	0.0002	electrical_stimulation	n/a	n/a	6072392	biphasic	LB12-LB13	27-28	6.0 mA	n/a	good	artifacts fixed when referencing to LY3
2969.85205078125	0.0002	electrical_stimulation	n/a	n/a	6082257	biphasic	LB12-LB13	27-28	6.0 mA	n/a	good	n/a
2975.14501953125	0.0002	electrical_stimulation	n/a	n/a	6093097	biphasic	LB12-LB13	27-28	6.0 mA	n/a	good	n/a
2979.8046875	0.0002	electrical_stimulation	n/a	n/a	6102640	biphasic	LB12-LB13	27-28	6.0 mA	n/a	good	n/a
2985.076171875	0.0002	electrical_stimulation	n/a	n/a	6113436	biphasic	LB12-LB13	27-28	6.0 mA	n/a	good	n/a
2990.0966796875	0.0002	electrical_stimulation	n/a	n/a	6123718	biphasic	LB12-LB13	27-28	6.0 mA	n/a	good	n/a
3005.62890625	0.0002	electrical_stimulation	n/a	n/a	6155528	biphasic	LB13-LB14	28-29	6.0 mA	n/a	good	n/a
3010.17529296875	0.0002	electrical_stimulation	n/a	n/a	6164839	biphasic	LB13-LB14	28-29	6.0 mA	n/a	good	n/a
3015.591796875	0.0002	electrical_stimulation	n/a	n/a	6175932	biphasic	LB13-LB14	28-29	6.0 mA	n/a	good	n/a
3022.13427734375	0.0002	electrical_stimulation	n/a	n/a	6189331	biphasic	LB13-LB14	28-29	6.0 mA	n/a	good	n/a
3027.962890625	0.0002	electrical_stimulation	n/a	n/a	6201268	biphasic	LB13-LB14	28-29	6.0 mA	n/a	good	n/a
3032.3681640625	0.0002	electrical_stimulation	n/a	n/a	6210290	biphasic	LB13-LB14	28-29	6.0 mA	n/a	good	noise fixed when referencing to LY3
3037.10205078125	0.0002	electrical_stimulation	n/a	n/a	6219985	biphasic	LB13-LB14	28-29	6.0 mA	n/a	good	artifacts fixed when referencing to LY3
3041.20458984375	0.0002	electrical_stimulation	n/a	n/a	6228387	biphasic	LB13-LB14	28-29	6.0 mA	n/a	good	noise fixed when referencing to LY3
3045.63623046875	0.0002	electrical_stimulation	n/a	n/a	6237463	biphasic	LB13-LB14	28-29	6.0 mA	n/a	good	n/a
3051.037109375	0.0002	electrical_stimulation	n/a	n/a	6248524	biphasic	LB13-LB14	28-29	6.0 mA	n/a	good	n/a
3070.27685546875	0.0002	electrical_stimulation	n/a	n/a	6287927	biphasic	LB14-LB15	29-30	6.0 mA	n/a	good	artifacts fixed when referencing to LY3
3076.41357421875	0.0002	electrical_stimulation	n/a	n/a	6300495	biphasic	LB14-LB15	29-30	6.0 mA	n/a	good	artifacts fixed when referencing to LY3
3081.59423828125	0.0002	electrical_stimulation	n/a	n/a	6311105	biphasic	LB14-LB15	29-30	6.0 mA	n/a	good	n/a
3086.390625	0.0002	electrical_stimulation	n/a	n/a	6320928	biphasic	LB14-LB15	29-30	6.0 mA	n/a	good	n/a
3091.98974609375	0.0002	electrical_stimulation	n/a	n/a	6332395	biphasic	LB14-LB15	29-30	6.0 mA	n/a	good	n/a
3098.02734375	0.0002	electrical_stimulation	n/a	n/a	6344760	biphasic	LB14-LB15	29-30	6.0 mA	n/a	good	n/a
3102.49462890625	0.0002	electrical_stimulation	n/a	n/a	6353909	biphasic	LB14-LB15	29-30	6.0 mA	n/a	good	n/a
3107.400390625	0.0002	electrical_stimulation	n/a	n/a	6363956	biphasic	LB14-LB15	29-30	6.0 mA	n/a	good	n/a
3111.80029296875	0.0002	electrical_stimulation	n/a	n/a	6372967	biphasic	LB14-LB15	29-30	6.0 mA	n/a	good	n/a
3117.7021484375	0.0002	electrical_stimulation	n/a	n/a	6385054	biphasic	LB14-LB15	29-30	6.0 mA	n/a	good	n/a
3158.00341796875	0.0002	electrical_stimulation	n/a	n/a	6467591	biphasic	LO1-LO2	46-47	6.0 mA	n/a	good	n/a
3162.61181640625	0.0002	electrical_stimulation	n/a	n/a	6477029	biphasic	LO1-LO2	46-47	6.0 mA	n/a	good	noise fixed when referencing to LY3
3167.52294921875	0.0002	electrical_stimulation	n/a	n/a	6487087	biphasic	LO1-LO2	46-47	6.0 mA	n/a	good	noise fixed when referencing to LY3
3171.33935546875	0.0002	electrical_stimulation	n/a	n/a	6494903	biphasic	LO1-LO2	46-47	6.0 mA	n/a	good	artifacts fixed when referencing to LY3
3175.18603515625	0.0002	electrical_stimulation	n/a	n/a	6502781	biphasic	LO1-LO2	46-47	6.0 mA	n/a	good	n/a
3180.00244140625	0.0002	electrical_stimulation	n/a	n/a	6512645	biphasic	LO1-LO2	46-47	6.0 mA	n/a	good	n/a
3184.1943359375	0.0002	electrical_stimulation	n/a	n/a	6521230	biphasic	LO1-LO2	46-47	6.0 mA	n/a	good	n/a
3189.52197265625	0.0002	electrical_stimulation	n/a	n/a	6532141	biphasic	LO1-LO2	46-47	6.0 mA	n/a	good	n/a
3195.2568359375	0.0002	electrical_stimulation	n/a	n/a	6543886	biphasic	LO1-LO2	46-47	6.0 mA	n/a	good	n/a
3201.55126953125	0.0002	electrical_stimulation	n/a	n/a	6556777	biphasic	LO1-LO2	46-47	6.0 mA	n/a	good	n/a
3238.232421875	0.0002	electrical_stimulation	n/a	n/a	6631900	biphasic	LZ8-LZ9	98-99	6.0 mA	n/a	good	n/a
3242.60595703125	0.0002	electrical_stimulation	n/a	n/a	6640857	biphasic	LZ8-LZ9	98-99	6.0 mA	n/a	good	n/a
3247.68408203125	0.0002	electrical_stimulation	n/a	n/a	6651257	biphasic	LZ8-LZ9	98-99	6.0 mA	n/a	good	n/a
3253.8984375	0.0002	electrical_stimulation	n/a	n/a	6663984	biphasic	LZ8-LZ9	98-99	6.0 mA	n/a	good	n/a
3259.83154296875	0.0002	electrical_stimulation	n/a	n/a	6676135	biphasic	LZ8-LZ9	98-99	6.0 mA	n/a	good	n/a
3264.16357421875	0.0002	electrical_stimulation	n/a	n/a	6685007	biphasic	LZ8-LZ9	98-99	6.0 mA	n/a	good	n/a
3269.380859375	0.0002	electrical_stimulation	n/a	n/a	6695692	biphasic	LZ8-LZ9	98-99	6.0 mA	n/a	good	n/a
3273.85546875	0.0002	electrical_stimulation	n/a	n/a	6704856	biphasic	LZ8-LZ9	98-99	6.0 mA	n/a	good	n/a
3278.6357421875	0.0002	electrical_stimulation	n/a	n/a	6714646	biphasic	LZ8-LZ9	98-99	6.0 mA	n/a	good	n/a
3285.189453125	0.0002	electrical_stimulation	n/a	n/a	6728068	biphasic	LZ8-LZ9	98-99	6.0 mA	n/a	good	n/a
3317.78857421875	0.0002	electrical_stimulation	n/a	n/a	6794831	biphasic	LZ9-LZ10	99-100	6.0 mA	n/a	good	n/a
3322.705078125	0.0002	electrical_stimulation	n/a	n/a	6804900	biphasic	LZ9-LZ10	99-100	6.0 mA	n/a	good	n/a
3327.28271484375	0.0002	electrical_stimulation	n/a	n/a	6814275	biphasic	LZ9-LZ10	99-100	6.0 mA	n/a	good	artifact fixed when referencing to LY3
3331.4521484375	0.0002	electrical_stimulation	n/a	n/a	6822814	biphasic	LZ9-LZ10	99-100	6.0 mA	n/a	good	n/a
3336.3115234375	0.0002	electrical_stimulation	n/a	n/a	6832766	biphasic	LZ9-LZ10	99-100	6.0 mA	n/a	good	n/a
3340.373046875	0.0002	electrical_stimulation	n/a	n/a	6841084	biphasic	LZ9-LZ10	99-100	6.0 mA	n/a	good	n/a
3345.0283203125	0.0002	electrical_stimulation	n/a	n/a	6850618	biphasic	LZ9-LZ10	99-100	6.0 mA	n/a	good	n/a
3348.1669921875	0.0002	electrical_stimulation	n/a	n/a	6857046	biphasic	LZ9-LZ10	99-100	6.0 mA	n/a	good	n/a
3352.85888671875	0.0002	electrical_stimulation	n/a	n/a	6866655	biphasic	LZ9-LZ10	99-100	6.0 mA	n/a	good	n/a
3357.92138671875	0.0002	electrical_stimulation	n/a	n/a	6877023	biphasic	LZ9-LZ10	99-100	6.0 mA	n/a	good	n/a
3380.0859375	0.0002	electrical_stimulation	n/a	n/a	6922416	biphasic	LB1-LB2	16-17	6.0 mA	n/a	good	n/a
3384.8134765625	0.0002	electrical_stimulation	n/a	n/a	6932098	biphasic	LB1-LB2	16-17	6.0 mA	n/a	good	n/a
3390.771484375	0.0002	electrical_stimulation	n/a	n/a	6944300	biphasic	LB1-LB2	16-17	6.0 mA	n/a	good	n/a
3396.470703125	0.0002	electrical_stimulation	n/a	n/a	6955972	biphasic	LB1-LB2	16-17	6.0 mA	n/a	good	n/a
3401.015625	0.0002	electrical_stimulation	n/a	n/a	6965280	biphasic	LB1-LB2	16-17	6.0 mA	n/a	good	n/a
3406.04833984375	0.0002	electrical_stimulation	n/a	n/a	6975587	biphasic	LB1-LB2	16-17	6.0 mA	n/a	good	n/a
3413.1376953125	0.0002	electrical_stimulation	n/a	n/a	6990106	biphasic	LB1-LB2	16-17	6.0 mA	n/a	good	artifact fixed when referencing to LY3
3418.6845703125	0.0002	electrical_stimulation	n/a	n/a	7001466	biphasic	LB1-LB2	16-17	6.0 mA	n/a	good	n/a
3424.95556640625	0.0002	electrical_stimulation	n/a	n/a	7014309	biphasic	LB1-LB2	16-17	6.0 mA	n/a	good	n/a
